{
  "timestamp": "2026-01-31T16:31:46.685863",
  "opencv_version": "4.13.0",
  "python_version": "3.14.0",
  "results": [
    {
      "name": "synthetic",
      "passed": true,
      "details": {
        "rotation_error": 1.774535200165325e-05,
        "translation_error": 0.002027053189540261,
        "num_points": 28
      }
    }
  ],
  "summary": {
    "total": 1,
    "passed": 1,
    "failed": 0,
    "skipped": 0,
    "elapsed_seconds": 0.07313680648803711
  }
}